"lb_name";"lb_code";"ward_code";"ward_name";"ward_area_hectare";"green_area_hectare";"blue_area_hectare";"green_blue_area_hectare";"percent_green";"percent_blue";"percent_green_blue"
"Barking and Dagenham";"E09000002";"E05000026";"Abbey";128.292;35.7143;3.18564;38.9;27.8383;2.48312;30.3214
"Barking and Dagenham";"E09000002";"E05000027";"Alibon";136.442;62.6775;0.0329205;62.7105;45.9371;0.0241279;45.9613
"Barking and Dagenham";"E09000002";"E05000028";"Becontree";128.809;46.4688;0.0179419;46.4867;36.0757;0.0139291;36.0896
"Barking and Dagenham";"E09000002";"E05000029";"Chadwell Heath";338.422;209.864;4.32314;214.187;62.0125;1.27744;63.2899
"Barking and Dagenham";"E09000002";"E05000030";"Eastbrook";345.06;192.443;17.4322;209.875;55.7709;5.05194;60.8228
"Barking and Dagenham";"E09000002";"E05000031";"Eastbury";143.921;58.6942;0.228589;58.9228;40.7822;0.15883;40.9411
"Barking and Dagenham";"E09000002";"E05000032";"Gascoigne";113.874;28.8595;4.22368;33.0832;25.3433;3.70908;29.0524
"Barking and Dagenham";"E09000002";"E05000033";"Goresbrook";127.782;54.6124;0.422258;55.0346;42.7387;0.330452;43.0692
"Barking and Dagenham";"E09000002";"E05000034";"Heath";200.128;99.0415;1.59533;100.637;49.4891;0.797153;50.2862
"Barking and Dagenham";"E09000002";"E05000035";"Longbridge";164.53;75.2664;3.49502;78.7614;45.7463;2.12424;47.8705
"Barking and Dagenham";"E09000002";"E05000036";"Mayesbrook";185.642;101.503;8.74941;110.252;54.6767;4.71306;59.3897
"Barking and Dagenham";"E09000002";"E05000037";"Parsloes";124.384;56.8955;0.0;56.8955;45.7418;0.0;45.7418
"Barking and Dagenham";"E09000002";"E05000038";"River";354.369;66.8088;49.6381;116.447;18.8529;14.0075;32.8603
"Barking and Dagenham";"E09000002";"E05000039";"Thames";788.848;176.429;128.252;304.681;22.3654;16.2581;38.6235
"Barking and Dagenham";"E09000002";"E05000040";"Valence";129.284;49.8395;0.448761;50.2883;38.5504;0.347113;38.8975
"Barking and Dagenham";"E09000002";"E05000041";"Village";214.748;116.562;8.45422;125.016;54.2785;3.93681;58.2153
"Barking and Dagenham";"E09000002";"E05000042";"Whalebone";155.399;50.0988;0.00545271;50.1043;32.2388;0.00350884;32.2423
"Barnet";"E09000003";"E05000043";"Brunswick Park";317.526;148.473;1.41555;149.888;46.7593;0.445806;47.2051
"Barnet";"E09000003";"E05000044";"Burnt Oak";206.719;89.2024;1.53271;90.7351;43.1515;0.741448;43.893
"Barnet";"E09000003";"E05000045";"Childs Hill";309.301;136.761;0.471988;137.233;44.2162;0.152598;44.3688
"Barnet";"E09000003";"E05000046";"Colindale";263.627;84.454;2.17265;86.6266;32.0354;0.824137;32.8595
"Barnet";"E09000003";"E05000047";"Coppetts";272.058;128.028;0.361458;128.39;47.0591;0.132861;47.192
"Barnet";"E09000003";"E05000048";"East Barnet";374.943;194.584;2.32311;196.907;51.8969;0.619591;52.5165
"Barnet";"E09000003";"E05000049";"East Finchley";250.989;140.035;0.085085;140.12;55.7932;0.0338999;55.8271
"Barnet";"E09000003";"E05000050";"Edgware";555.652;355.228;1.50702;356.735;63.9299;0.271216;64.2011
"Barnet";"E09000003";"E05000051";"Finchley Church End";272.564;123.427;1.55998;124.987;45.2836;0.572336;45.856
"Barnet";"E09000003";"E05000052";"Garden Suburb";472.705;301.401;1.71191;303.113;63.7609;0.362152;64.1231
"Barnet";"E09000003";"E05000053";"Golders Green";297.292;111.675;0.508679;112.184;37.5642;0.171104;37.7353
"Barnet";"E09000003";"E05000054";"Hale";542.315;356.961;4.32133;361.282;65.8217;0.79683;66.6186
"Barnet";"E09000003";"E05000055";"Hendon";283.871;118.086;2.13536;120.221;41.5983;0.752229;42.3506
"Barnet";"E09000003";"E05000056";"High Barnet";830.666;629.937;3.48824;633.425;75.8352;0.419933;76.2551
"Barnet";"E09000003";"E05000057";"Mill Hill";938.921;642.402;3.01312;645.416;68.4192;0.320913;68.7401
"Barnet";"E09000003";"E05000058";"Oakleigh";331.861;163.556;1.14359;164.7;49.2845;0.344599;49.6291
"Barnet";"E09000003";"E05000059";"Totteridge";877.446;669.659;7.16742;676.827;76.3191;0.816851;77.136
"Barnet";"E09000003";"E05000060";"Underhill";455.053;295.53;0.784267;296.314;64.9441;0.172346;65.1165
"Barnet";"E09000003";"E05000061";"West Finchley";216.344;85.3971;1.01473;86.4118;39.4728;0.469034;39.9419
"Barnet";"E09000003";"E05000062";"West Hendon";342.865;144.039;23.0884;167.127;42.0103;6.73398;48.7443
"Barnet";"E09000003";"E05000063";"Woodhouse";262.117;112.074;0.203464;112.278;42.7573;0.0776233;42.8349
"Brent";"E09000005";"E05000085";"Alperton";205.853;60.2722;4.13845;64.4107;29.2792;2.01039;31.2896
"Brent";"E09000005";"E05000086";"Barnhill";297.908;162.04;1.43191;163.471;54.3925;0.480655;54.8731
"Brent";"E09000005";"E05000087";"Brondesbury Park";172.942;82.9843;0.0833754;83.0677;47.9839;0.0482101;48.0321
"Brent";"E09000005";"E05000088";"Dollis Hill";229.956;90.3047;11.7111;102.016;39.2704;5.09278;44.3632
"Brent";"E09000005";"E05000089";"Dudden Hill";168.144;55.3657;0.0228954;55.3886;32.9276;0.0136166;32.9412
"Brent";"E09000005";"E05000090";"Fryent";265.938;152.915;0.0717953;152.987;57.5002;0.026997;57.5272
"Brent";"E09000005";"E05000091";"Harlesden";111.37;31.2289;0.00219012;31.2311;28.0407;0.00196653;28.0426
"Brent";"E09000005";"E05000092";"Kensal Green";112.008;30.9678;0.00258779;30.9703;27.6478;0.00231036;27.6501
"Brent";"E09000005";"E05000093";"Kenton";224.315;103.98;0.878394;104.859;46.3547;0.39159;46.7463
"Brent";"E09000005";"E05000094";"Kilburn";94.4;26.3202;0.0;26.3202;27.8816;0.0;27.8816
"Brent";"E09000005";"E05000095";"Mapesbury";139.347;58.4521;0.0106811;58.4628;41.9471;0.00766508;41.9548
"Brent";"E09000005";"E05000096";"Northwick Park";267.991;139.564;0.354406;139.919;52.0781;0.132246;52.2103
"Brent";"E09000005";"E05000097";"Preston";238.828;99.7837;0.779872;100.564;41.7806;0.326541;42.1071
"Brent";"E09000005";"E05000098";"Queens Park";148.562;58.6208;0.0242334;58.645;39.4588;0.016312;39.4751
"Brent";"E09000005";"E05000099";"Queensbury";205.124;69.8416;0.0280868;69.8697;34.0485;0.0136926;34.0622
"Brent";"E09000005";"E05000100";"Stonebridge";405.063;105.555;5.66439;111.219;26.0589;1.3984;27.4573
"Brent";"E09000005";"E05000101";"Sudbury";212.48;109.581;0.0135093;109.595;51.5724;0.00635793;51.5788
"Brent";"E09000005";"E05000102";"Tokyngton";275.917;71.4183;1.90342;73.3217;25.884;0.689853;26.5738
"Brent";"E09000005";"E05000103";"Welsh Harp";231.897;92.5925;17.356;109.949;39.9283;7.48436;47.4127
"Brent";"E09000005";"E05000104";"Wembley Central";160.424;55.5554;0.109167;55.6646;34.6304;0.0680493;34.6984
"Brent";"E09000005";"E05000105";"Willesden Green";154.803;69.2151;0.0;69.2151;44.7118;0.0;44.7118
"Bromley";"E09000006";"E05000106";"Bickley";486.913;239.074;0.85901;239.933;49.1;0.17642;49.2764
"Bromley";"E09000006";"E05000107";"Biggin Hill";828.039;575.116;0.270955;575.387;69.4551;0.0327225;69.4879
"Bromley";"E09000006";"E05000108";"Bromley Common and Keston";830.82;561.525;7.55276;569.078;67.5869;0.909073;68.496
"Bromley";"E09000006";"E05000109";"Bromley Town";371.656;139.524;1.76224;141.287;37.5413;0.474158;38.0154
"Bromley";"E09000006";"E05000110";"Chelsfield and Pratts Bottom";1256.32;1000.75;2.35391;1003.1;79.6571;0.187366;79.8445
"Bromley";"E09000006";"E05000111";"Chislehurst";1044.12;769.266;5.0783;774.344;73.676;0.486371;74.1624
"Bromley";"E09000006";"E05000112";"Clock House";226.647;91.8968;0.829673;92.7265;40.5462;0.366064;40.9123
"Bromley";"E09000006";"E05000113";"Copers Cope";328.692;161.125;0.611437;161.736;49.02;0.186021;49.206
"Bromley";"E09000006";"E05000114";"Cray Valley East";1327.87;1016.41;16.9923;1033.4;76.5448;1.27967;77.8245
"Bromley";"E09000006";"E05000115";"Cray Valley West";393.85;167.223;0.290552;167.514;42.4586;0.0737722;42.5324
"Bromley";"E09000006";"E05000116";"Crystal Palace";229.114;129.109;3.6737;132.782;56.3513;1.60344;57.9547
"Bromley";"E09000006";"E05000117";"Darwin";2903.96;2652.41;1.07701;2653.49;91.3378;0.0370878;91.3749
"Bromley";"E09000006";"E05000118";"Farnborough and Crofton";700.584;453.43;2.81731;456.247;64.7217;0.402137;65.1238
"Bromley";"E09000006";"E05000119";"Hayes and Coney Hall";1082.31;794.589;2.58546;797.174;73.4163;0.238884;73.6552
"Bromley";"E09000006";"E05000120";"Kelsey and Eden Park";519.895;271.175;4.16646;275.341;52.1595;0.801405;52.9609
"Bromley";"E09000006";"E05000121";"Mottingham and Chislehurst North";244.184;132.539;0.640345;133.18;54.2785;0.262239;54.5407
"Bromley";"E09000006";"E05000122";"Orpington";425.616;170.38;1.04322;171.424;40.0315;0.245108;40.2766
"Bromley";"E09000006";"E05000123";"Penge and Cator";295.972;128.88;0.970294;129.85;43.5447;0.327833;43.8725
"Bromley";"E09000006";"E05000124";"Petts Wood and Knoll";430.127;223.007;0.649752;223.657;51.8468;0.151061;51.9979
"Bromley";"E09000006";"E05000125";"Plaistow and Sundridge";400.094;241.607;1.38183;242.989;60.3875;0.345376;60.7329
"Bromley";"E09000006";"E05000126";"Shortlands";245.665;117.198;0.37807;117.576;47.7064;0.153897;47.8603
"Bromley";"E09000006";"E05000127";"West Wickham";441.047;226.403;0.976404;227.379;51.333;0.221383;51.5544
"Camden";"E09000007";"E05000128";"Belsize";78.057;32.0905;0.00559887;32.0961;41.1116;0.00717279;41.1188
"Camden";"E09000007";"E05000129";"Bloomsbury";102.091;16.527;0.0;16.527;16.1885;0.0;16.1885
"Camden";"E09000007";"E05000130";"Camden Town with Primrose Hill";116.615;34.1491;1.94575;36.0949;29.2836;1.66852;30.9522
"Camden";"E09000007";"E05000131";"Cantelowes";75.933;26.3306;0.00440374;26.335;34.676;0.00579951;34.6819
"Camden";"E09000007";"E05000132";"Fortune Green";100.652;45.4107;0.00939825;45.4201;45.1166;0.00933737;45.1259
"Camden";"E09000007";"E05000133";"Frognal and Fitzjohns";153.023;80.9325;0.0945512;81.027;52.8891;0.0617889;52.9509
"Camden";"E09000007";"E05000134";"Gospel Oak";69.232;24.8212;0.0;24.8212;35.8522;0.0;35.8522
"Camden";"E09000007";"E05000135";"Hampstead Town";244.939;172.334;5.12948;177.464;70.358;2.09419;72.4522
"Camden";"E09000007";"E05000136";"Haverstock";73.177;25.5074;0.00537456;25.5128;34.8571;0.00734461;34.8644
"Camden";"E09000007";"E05000137";"Highgate";323.926;241.636;9.51488;251.151;74.5961;2.93736;77.5335
"Camden";"E09000007";"E05000138";"Holborn and Covent Garden";119.493;17.056;0.0401452;17.0962;14.2737;0.0335963;14.3073
"Camden";"E09000007";"E05000139";"Kentish Town";102.895;24.9792;0.0;24.9792;24.2764;0.0;24.2764
"Camden";"E09000007";"E05000140";"Kilburn";68.518;21.7736;0.0;21.7736;31.7779;0.0;31.7779
"Camden";"E09000007";"E05000141";"Kings Cross";61.138;16.099;0.011432;16.1104;26.3322;0.0186987;26.3509
"Camden";"E09000007";"E05000142";"Regents Park";134.956;51.663;0.235632;51.8986;38.2814;0.174599;38.456
"Camden";"E09000007";"E05000143";"St. Pancras and Somers Town";139.889;26.2972;2.78653;29.0838;18.7986;1.99196;20.7906
"Camden";"E09000007";"E05000144";"Swiss Cottage";125.671;61.2983;0.0301569;61.3284;48.7768;0.0239967;48.8008
"Camden";"E09000007";"E05000145";"West Hampstead";88.729;24.1139;0.0;24.1139;27.177;0.0;27.177
"Ealing";"E09000009";"E05000170";"Acton Central";177.463;65.7498;0.00298386;65.7528;37.0499;0.0016814;37.0516
"Ealing";"E09000009";"E05000171";"Cleveland";222.856;118.609;2.25505;120.864;53.2221;1.01189;54.234
"Ealing";"E09000009";"E05000172";"Dormers Wells";225.73;124.868;3.05003;127.918;55.3174;1.35119;56.6685
"Ealing";"E09000009";"E05000173";"Ealing Broadway";185.676;72.2647;0.218794;72.4835;38.9198;0.117837;39.0376
"Ealing";"E09000009";"E05000174";"Ealing Common";214.106;95.5812;0.191033;95.7722;44.642;0.0892237;44.7312
"Ealing";"E09000009";"E05000175";"East Acton";427.588;114.225;1.53575;115.76;26.7137;0.359166;27.0729
"Ealing";"E09000009";"E05000176";"Elthorne";199.963;83.3577;4.45399;87.8117;41.6866;2.22741;43.914
"Ealing";"E09000009";"E05000177";"Greenford Broadway";251.669;111.989;4.10864;116.098;44.4986;1.63256;46.1312
"Ealing";"E09000009";"E05000178";"Greenford Green";338.477;123.804;4.65798;128.462;36.5767;1.37616;37.9528
"Ealing";"E09000009";"E05000179";"Hanger Hill";327.724;164.813;1.5423;166.355;50.2902;0.470609;50.7608
"Ealing";"E09000009";"E05000180";"Hobbayne";220.937;125.647;3.11564;128.762;56.87;1.41019;58.2802
"Ealing";"E09000009";"E05000181";"Lady Margaret";154.182;53.3733;0.132594;53.5058;34.617;0.0859983;34.703
"Ealing";"E09000009";"E05000182";"Northfield";154.011;59.0897;0.0310129;59.1207;38.3672;0.0201368;38.3873
"Ealing";"E09000009";"E05000183";"North Greenford";325.737;215.82;2.82874;218.649;66.256;0.868413;67.1244
"Ealing";"E09000009";"E05000184";"Northolt Mandeville";275.664;142.841;0.866465;143.708;51.8172;0.314319;52.1316
"Ealing";"E09000009";"E05000185";"Northolt West End";354.536;224.787;3.0011;227.788;63.4031;0.846488;64.2495
"Ealing";"E09000009";"E05000186";"Norwood Green";379.609;175.11;8.04527;183.155;46.1289;2.11936;48.2483
"Ealing";"E09000009";"E05000187";"Perivale";336.775;156.51;5.31181;161.822;46.4731;1.57726;48.0504
"Ealing";"E09000009";"E05000188";"South Acton";171.92;55.6764;0.010944;55.6873;32.385;0.00636577;32.3914
"Ealing";"E09000009";"E05000189";"Southall Broadway";161.725;29.9326;2.35314;32.2857;18.5083;1.45503;19.9633
"Ealing";"E09000009";"E05000190";"Southall Green";158.616;26.5259;4.33607;30.862;16.7234;2.73369;19.4571
"Ealing";"E09000009";"E05000191";"Southfield";142.869;42.9415;0.00774913;42.9492;30.0565;0.00542394;30.062
"Ealing";"E09000009";"E05000192";"Walpole";146.596;58.1405;0.15445;58.2949;39.6603;0.105358;39.7657
"Enfield";"E09000010";"E05000193";"Bowes";148.337;54.1765;1.57508;55.7516;36.5226;1.06183;37.5844
"Enfield";"E09000010";"E05000194";"Bush Hill Park";252.449;115.168;1.16798;116.336;45.6204;0.462658;46.083
"Enfield";"E09000010";"E05000195";"Chase";1693.54;1408.97;17.2504;1426.22;83.1965;1.0186;84.2151
"Enfield";"E09000010";"E05000196";"Cockfosters";1041.28;782.978;9.21575;792.193;75.1938;0.885042;76.0789
"Enfield";"E09000010";"E05000197";"Edmonton Green";312.642;95.4953;6.97433;102.47;30.5446;2.23077;32.7754
"Enfield";"E09000010";"E05000198";"Enfield Highway";463.653;104.813;85.7228;190.535;22.6058;18.4886;41.0944
"Enfield";"E09000010";"E05000199";"Enfield Lock";325.231;140.296;15.8532;156.149;43.1374;4.87446;48.0118
"Enfield";"E09000010";"E05000200";"Grange";328.516;178.087;4.22177;182.309;54.2097;1.2851;55.4948
"Enfield";"E09000010";"E05000201";"Haselbury";179.602;72.6876;0.787568;73.4752;40.4715;0.438507;40.91
"Enfield";"E09000010";"E05000202";"Highlands";508.803;350.703;3.31929;354.022;68.9271;0.652372;69.5795
"Enfield";"E09000010";"E05000203";"Jubilee";392.833;116.891;117.077;233.968;29.7559;29.8033;59.5592
"Enfield";"E09000010";"E05000204";"Lower Edmonton";218.248;44.8724;42.2401;87.1125;20.5603;19.3542;39.9145
"Enfield";"E09000010";"E05000205";"Palmers Green";194.212;68.7405;2.50845;71.249;35.3946;1.2916;36.6862
"Enfield";"E09000010";"E05000206";"Ponders End";354.296;72.5891;102.036;174.625;20.4882;28.7998;49.288
"Enfield";"E09000010";"E05000207";"Southbury";286.704;102.276;0.02471;102.301;35.6731;0.00861865;35.6817
"Enfield";"E09000010";"E05000208";"Southgate";268.727;133.092;0.261157;133.353;49.5268;0.0971831;49.6239
"Enfield";"E09000010";"E05000209";"Southgate Green";261.351;113.376;2.89832;116.274;43.3807;1.10898;44.4896
"Enfield";"E09000010";"E05000210";"Town";223.14;83.2428;2.08392;85.3268;37.3052;0.933908;38.2391
"Enfield";"E09000010";"E05000211";"Turkey Street";226.15;93.4117;0.85235;94.2641;41.3052;0.376896;41.6821
"Enfield";"E09000010";"E05000212";"Upper Edmonton";264.24;79.1688;4.06742;83.2362;29.9609;1.53929;31.5002
"Enfield";"E09000010";"E05000213";"Winchmore Hill";276.07;141.697;3.87529;145.573;51.3266;1.40373;52.7303
"Greenwich";"E09000011";"E05000214";"Abbey Wood";265.721;138.721;0.0220378;138.743;52.2055;0.00829358;52.2137
"Greenwich";"E09000011";"E05000215";"Blackheath Westcombe";213.815;114.271;0.0621481;114.333;53.4438;0.0290663;53.4729
"Greenwich";"E09000011";"E05000216";"Charlton";203.12;90.4948;0.0107735;90.5056;44.5524;0.005304;44.5577
"Greenwich";"E09000011";"E05000217";"Coldharbour and New Eltham";254.935;102.946;0.0171415;102.963;40.3812;0.00672388;40.388
"Greenwich";"E09000011";"E05000218";"Eltham North";255.512;116.021;0.334891;116.356;45.4073;0.131067;45.5384
"Greenwich";"E09000011";"E05000219";"Eltham South";462.641;280.922;2.35879;283.281;60.7214;0.509854;61.2312
"Greenwich";"E09000011";"E05000220";"Eltham West";242.564;86.7688;2.07402;88.8428;35.7715;0.855041;36.6266
"Greenwich";"E09000011";"E05000221";"Glyndon";170.196;50.3048;16.9622;67.267;29.557;9.96627;39.5233
"Greenwich";"E09000011";"E05000222";"Greenwich West";279.234;125.159;26.9276;152.086;44.8222;9.64339;54.4656
"Greenwich";"E09000011";"E05000223";"Kidbrooke with Hornfair";237.454;109.953;0.20798;110.161;46.3049;0.0875875;46.3925
"Greenwich";"E09000011";"E05000224";"Middle Park and Sutcliffe";329.143;182.74;1.61872;184.358;55.5198;0.491799;56.0116
"Greenwich";"E09000011";"E05000225";"Peninsula";449.194;57.6313;108.904;166.536;12.8299;24.2444;37.0744
"Greenwich";"E09000011";"E05000226";"Plumstead";234.189;110.265;0.211045;110.476;47.0839;0.0901173;47.174
"Greenwich";"E09000011";"E05000227";"Shooters Hill";377.072;260.864;0.384432;261.248;69.1814;0.101952;69.2833
"Greenwich";"E09000011";"E05000228";"Thamesmead Moorings";481.256;174.431;106.961;281.392;36.2451;22.2253;58.4704
"Greenwich";"E09000011";"E05000229";"Woolwich Common";262.035;118.358;0.709778;119.067;45.1687;0.270872;45.4395
"Greenwich";"E09000011";"E05000230";"Woolwich Riverside";326.109;60.2364;74.176;134.412;18.4712;22.7458;41.217
"Hammersmith and Fulham";"E09000013";"E05000250";"Addison";55.481;11.5186;0.0;11.5186;20.7613;0.0;20.7613
"Hammersmith and Fulham";"E09000013";"E05000251";"Askew";76.25;18.7855;0.0;18.7855;24.6368;0.0;24.6368
"Hammersmith and Fulham";"E09000013";"E05000252";"Avonmore and Brook Green";89.659;23.1442;0.0;23.1442;25.8136;0.0;25.8136
"Hammersmith and Fulham";"E09000013";"E05000253";"College Park and Old Oak";343.654;150.43;2.96964;153.4;43.7737;0.864137;44.6379
"Hammersmith and Fulham";"E09000013";"E05000254";"Fulham Broadway";66.797;9.36069;0.0;9.36069;14.0136;0.0;14.0136
"Hammersmith and Fulham";"E09000013";"E05000255";"Fulham Reach";88.198;23.0473;5.94794;28.9952;26.1313;6.74385;32.8752
"Hammersmith and Fulham";"E09000013";"E05000256";"Hammersmith Broadway";110.305;18.662;5.2338;23.8958;16.9185;4.74484;21.6634
"Hammersmith and Fulham";"E09000013";"E05000257";"Munster";62.427;10.42;0.00278393;10.4228;16.6915;0.00445949;16.696
"Hammersmith and Fulham";"E09000013";"E05000258";"North End";63.517;10.7041;0.0;10.7041;16.8523;0.0;16.8523
"Hammersmith and Fulham";"E09000013";"E05000259";"Palace Riverside";148.083;52.2585;34.4951;86.7536;35.29;23.2945;58.5845
"Hammersmith and Fulham";"E09000013";"E05000260";"Parsons Green and Walham";89.587;20.3254;0.00825575;20.3336;22.6879;0.00921534;22.6971
"Hammersmith and Fulham";"E09000013";"E05000261";"Ravenscourt Park";121.533;42.3175;6.52739;48.8449;34.8198;5.37088;40.1906
"Hammersmith and Fulham";"E09000013";"E05000262";"Sands End";137.806;22.1817;24.1147;46.2964;16.0963;17.499;33.5953
"Hammersmith and Fulham";"E09000013";"E05000263";"Shepherds Bush Green";106.82;21.3979;0.0846265;21.4826;20.0318;0.0792235;20.111
"Hammersmith and Fulham";"E09000013";"E05000264";"Town";65.129;7.25658;0.0;7.25658;11.1419;0.0;11.1419
"Hammersmith and Fulham";"E09000013";"E05000265";"Wormholt and White City";90.164;31.5593;0.0135193;31.5728;35.0021;0.0149941;35.0171
"Haringey";"E09000014";"E05000266";"Alexandra";261.385;167.76;4.88835;172.648;64.1811;1.87017;66.0512
"Haringey";"E09000014";"E05000267";"Bounds Green";138.624;50.2047;0.345025;50.5498;36.2165;0.248893;36.4654
"Haringey";"E09000014";"E05000268";"Bruce Grove";93.658;24.1926;0.00022883;24.1928;25.8307;0.000244325;25.831
"Haringey";"E09000014";"E05000269";"Crouch End";144.04;75.1252;0.158912;75.2841;52.1558;0.110325;52.2661
"Haringey";"E09000014";"E05000270";"Fortis Green";199.071;105.881;0.0866981;105.967;53.1875;0.0435514;53.231
"Haringey";"E09000014";"E05000271";"Harringay";156.609;68.1152;2.64699;70.7622;43.4938;1.69019;45.184
"Haringey";"E09000014";"E05000272";"Highgate";249.482;165.776;0.230445;166.006;66.4479;0.0923694;66.5403
"Haringey";"E09000014";"E05000273";"Hornsey";105.39;32.468;0.370146;32.8382;30.8075;0.351215;31.1587
"Haringey";"E09000014";"E05000274";"Muswell Hill";165.328;93.5618;0.09886;93.6607;56.5916;0.0597963;56.6514
"Haringey";"E09000014";"E05000275";"Noel Park";122.564;28.6721;0.0128549;28.685;23.3936;0.0104883;23.4041
"Haringey";"E09000014";"E05000276";"Northumberland Park";188.802;54.2716;3.67029;57.9419;28.7452;1.94399;30.6892
"Haringey";"E09000014";"E05000277";"St. Anns";109.381;33.0742;0.0;33.0742;30.2376;0.0;30.2376
"Haringey";"E09000014";"E05000278";"Seven Sisters";129.463;40.5131;1.15141;41.6646;31.2932;0.889373;32.1826
"Haringey";"E09000014";"E05000279";"Stroud Green";109.374;46.755;0.0862469;46.8412;42.7478;0.0788551;42.8266
"Haringey";"E09000014";"E05000280";"Tottenham Green";135.966;36.2141;0.0;36.2141;26.6346;0.0;26.6346
"Haringey";"E09000014";"E05000281";"Tottenham Hale";191.189;67.5625;7.71711;75.2796;35.3381;4.03638;39.3744
"Haringey";"E09000014";"E05000282";"West Green";139.911;64.3743;0.644715;65.019;46.0109;0.460803;46.4717
"Haringey";"E09000014";"E05000283";"White Hart Lane";169.885;77.6853;1.10937;78.7947;45.7282;0.65301;46.3812
"Haringey";"E09000014";"E05000284";"Woodside";149.715;56.6798;0.190091;56.8699;37.8585;0.126968;37.9855
"Harrow";"E09000015";"E05000285";"Belmont";177.704;77.4468;0.076293;77.5231;43.5819;0.0429326;43.6248
"Harrow";"E09000015";"E05000286";"Canons";562.632;392.992;7.88657;400.878;69.8488;1.40173;71.2506
"Harrow";"E09000015";"E05000287";"Edgware";140.319;48.9414;0.554449;49.4959;34.8787;0.395135;35.2738
"Harrow";"E09000015";"E05000288";"Greenhill";174.49;56.342;0.0105607;56.3525;32.2895;0.00605234;32.2956
"Harrow";"E09000015";"E05000289";"Harrow on the Hill";357.209;245.108;1.15365;246.262;68.6177;0.322961;68.9406
"Harrow";"E09000015";"E05000290";"Harrow Weald";458.973;337.87;2.20502;340.075;73.6143;0.480424;74.0947
"Harrow";"E09000015";"E05000291";"Hatch End";327.866;200.253;0.453265;200.706;61.0776;0.138247;61.2159
"Harrow";"E09000015";"E05000292";"Headstone North";329.634;209.662;1.69511;211.358;63.6046;0.51424;64.1189
"Harrow";"E09000015";"E05000293";"Headstone South";146.764;62.1651;0.0372259;62.2023;42.3572;0.0253644;42.3825
"Harrow";"E09000015";"E05000294";"Kenton East";127.926;45.2478;0.227354;45.4752;35.3703;0.177723;35.548
"Harrow";"E09000015";"E05000295";"Kenton West";176.456;73.8712;0.222966;74.0942;41.8638;0.126358;41.9902
"Harrow";"E09000015";"E05000296";"Marlborough";164.663;49.7304;0.149027;49.8795;30.2013;0.0905041;30.2918
"Harrow";"E09000015";"E05000297";"Pinner";327.742;207.375;0.850733;208.226;63.2739;0.259574;63.5335
"Harrow";"E09000015";"E05000298";"Pinner South";234.561;126.29;1.75081;128.041;53.8412;0.746421;54.5876
"Harrow";"E09000015";"E05000299";"Queensbury";161.364;64.0451;0.0798054;64.1249;39.6898;0.0494568;39.7393
"Harrow";"E09000015";"E05000300";"Rayners Lane";152.974;60.7136;1.5717;62.2853;39.6889;1.02743;40.7163
"Harrow";"E09000015";"E05000301";"Roxbourne";150.576;59.6286;0.394661;60.0232;39.6003;0.262101;39.8624
"Harrow";"E09000015";"E05000302";"Roxeth";157.492;74.4299;0.00195719;74.4319;47.2595;0.00124272;47.2607
"Harrow";"E09000015";"E05000303";"Stanmore Park";445.929;298.123;4.54466;302.668;66.8544;1.01914;67.8735
"Harrow";"E09000015";"E05000304";"Wealdstone";119.595;36.161;0.00177963;36.1628;30.2362;0.00148805;30.2377
"Harrow";"E09000015";"E05000305";"West Harrow";151.462;70.2157;0.0153141;70.231;46.3586;0.0101109;46.3687
"Havering";"E09000016";"E05000306";"Brooklands";420.264;224.668;1.37349;226.042;53.4589;0.326816;53.7857
"Havering";"E09000016";"E05000307";"Cranham";655.501;457.274;2.29958;459.573;69.7595;0.350813;70.1103
"Havering";"E09000016";"E05000308";"Elm Park";366.535;236.379;12.1539;248.533;64.4902;3.31588;67.8061
"Havering";"E09000016";"E05000309";"Emerson Park";464.243;275.617;3.24511;278.862;59.369;0.699011;60.0681
"Havering";"E09000016";"E05000310";"Gooshays";775.896;580.956;7.35829;588.315;74.8755;0.948361;75.8239
"Havering";"E09000016";"E05000311";"Hacton";246.542;110.954;0.934151;111.889;45.0043;0.378901;45.3832
"Havering";"E09000016";"E05000312";"Harold Wood";758.973;522.788;10.4724;533.261;68.881;1.37981;70.2608
"Havering";"E09000016";"E05000313";"Havering Park";978.33;817.171;4.82946;822.0;83.5271;0.493643;84.0207
"Havering";"E09000016";"E05000314";"Heaton";341.564;191.687;0.440825;192.127;56.1203;0.129061;56.2493
"Havering";"E09000016";"E05000315";"Hylands";289.774;146.634;0.929792;147.564;50.6029;0.320868;50.9238
"Havering";"E09000016";"E05000316";"Mawneys";304.261;159.849;1.3237;161.172;52.5367;0.435054;52.9718
"Havering";"E09000016";"E05000317";"Pettits";395.457;229.595;4.06509;233.66;58.0581;1.02795;59.086
"Havering";"E09000016";"E05000318";"Rainham and Wennington";1688.01;1044.17;219.592;1263.76;61.8581;13.0089;74.867
"Havering";"E09000016";"E05000319";"Romford Town";286.473;86.8222;0.64171;87.4639;30.3073;0.224004;30.5313
"Havering";"E09000016";"E05000320";"St. Andrews";267.712;116.664;2.76416;119.428;43.5781;1.03251;44.6106
"Havering";"E09000016";"E05000321";"South Hornchurch";687.318;296.806;74.5489;371.355;43.1833;10.8463;54.0296
"Havering";"E09000016";"E05000322";"Squirrels Heath";265.147;117.997;0.960518;118.958;44.5025;0.362259;44.8648
"Havering";"E09000016";"E05000323";"Upminster";2253.74;1935.94;53.8771;1989.82;85.8991;2.39057;88.2896
"Hillingdon";"E09000017";"E05000324";"Barnhill";211.821;95.4398;1.43222;96.872;45.0568;0.676146;45.733
"Hillingdon";"E09000017";"E05000325";"Botwell";436.277;184.727;8.67169;193.399;42.3417;1.98766;44.3294
"Hillingdon";"E09000017";"E05000326";"Brunel";327.691;161.445;2.51272;163.958;49.2674;0.766795;50.0342
"Hillingdon";"E09000017";"E05000327";"Cavendish";201.145;86.2378;0.706586;86.9443;42.8734;0.351282;43.2247
"Hillingdon";"E09000017";"E05000328";"Charville";297.433;177.163;1.01118;178.174;59.564;0.339967;59.9039
"Hillingdon";"E09000017";"E05000329";"Eastcote and East Ruislip";406.341;251.464;1.72699;253.191;61.8851;0.425011;62.3101
"Hillingdon";"E09000017";"E05000330";"Harefield";1522.7;1179.97;180.268;1360.23;77.4915;11.8387;89.3302
"Hillingdon";"E09000017";"E05000331";"Heathrow Villages";2352.12;832.188;40.5964;872.785;35.3804;1.72595;37.1063
"Hillingdon";"E09000017";"E05000332";"Hillingdon East";359.812;224.601;1.68841;226.289;62.4216;0.469247;62.8909
"Hillingdon";"E09000017";"E05000333";"Ickenham";620.442;422.626;38.3595;460.986;68.117;6.18262;74.2996
"Hillingdon";"E09000017";"E05000334";"Manor";197.418;82.9652;0.159352;83.1245;42.0251;0.0807178;42.1058
"Hillingdon";"E09000017";"E05000335";"Northwood";739.794;566.434;2.84494;569.279;76.5664;0.384558;76.951
"Hillingdon";"E09000017";"E05000336";"Northwood Hills";332.854;193.234;0.358156;193.592;58.0536;0.107602;58.1612
"Hillingdon";"E09000017";"E05000337";"Pinkwell";274.833;119.726;0.506334;120.232;43.563;0.184233;43.7472
"Hillingdon";"E09000017";"E05000338";"South Ruislip";741.795;442.396;3.3413;445.738;59.6386;0.450435;60.0891
"Hillingdon";"E09000017";"E05000339";"Townfield";349.833;145.877;5.72504;151.602;41.6991;1.63651;43.3356
"Hillingdon";"E09000017";"E05000340";"Uxbridge North";464.118;264.994;4.60942;269.604;57.0963;0.993157;58.0895
"Hillingdon";"E09000017";"E05000341";"Uxbridge South";311.447;119.173;23.1169;142.29;38.2643;7.42241;45.6867
"Hillingdon";"E09000017";"E05000342";"West Drayton";349.07;167.699;16.3038;184.003;48.0417;4.67063;52.7123
"Hillingdon";"E09000017";"E05000343";"West Ruislip";438.74;278.316;14.0289;292.345;63.4352;3.19754;66.6328
"Hillingdon";"E09000017";"E05000344";"Yeading";232.126;118.879;6.72993;125.609;51.2131;2.89926;54.1123
"Hillingdon";"E09000017";"E05000345";"Yiewsley";402.251;201.25;22.4742;223.725;50.0311;5.58712;55.6182
"Hounslow";"E09000018";"E05000346";"Bedfont";444.841;239.178;30.712;269.89;53.7671;6.90403;60.6711
"Hounslow";"E09000018";"E05000347";"Brentford";318.351;128.485;8.22002;136.705;40.3596;2.58206;42.9417
"Hounslow";"E09000018";"E05000348";"Chiswick Homefields";225.923;108.046;22.0833;130.129;47.8243;9.77471;57.599
"Hounslow";"E09000018";"E05000349";"Chiswick Riverside";208.007;88.8084;17.4062;106.215;42.6949;8.36808;51.063
"Hounslow";"E09000018";"E05000350";"Cranford";272.63;108.87;3.4173;112.287;39.9333;1.25346;41.1867
"Hounslow";"E09000018";"E05000351";"Feltham North";338.448;159.699;15.9103;175.609;47.1856;4.70096;51.8865
"Hounslow";"E09000018";"E05000352";"Feltham West";318.105;180.394;7.43272;187.826;56.7088;2.33656;59.0454
"Hounslow";"E09000018";"E05000353";"Hanworth";323.258;175.926;10.0162;185.942;54.4227;3.09852;57.5212
"Hounslow";"E09000018";"E05000354";"Hanworth Park";366.126;210.663;2.15008;212.813;57.5384;0.587252;58.1256
"Hounslow";"E09000018";"E05000355";"Heston Central";168.478;54.9513;0.019032;54.9704;32.6163;0.0112964;32.6276
"Hounslow";"E09000018";"E05000356";"Heston East";205.913;91.0955;0.106125;91.2016;44.2398;0.0515388;44.2913
"Hounslow";"E09000018";"E05000357";"Heston West";382.657;197.119;2.01712;199.136;51.5133;0.527135;52.0404
"Hounslow";"E09000018";"E05000358";"Hounslow Central";173.393;46.6928;0.00251218;46.6953;26.9289;0.00144884;26.9303
"Hounslow";"E09000018";"E05000359";"Hounslow Heath";278.178;163.829;2.45313;166.283;58.8938;0.881856;59.7756
"Hounslow";"E09000018";"E05000360";"Hounslow South";179.011;53.1868;4.32471;57.5115;29.7115;2.41589;32.1274
"Hounslow";"E09000018";"E05000361";"Hounslow West";162.018;38.1791;0.0;38.1791;23.5647;0.0;23.5647
"Hounslow";"E09000018";"E05000362";"Isleworth";203.089;62.3979;15.4708;77.8687;30.7244;7.61773;38.3421
"Hounslow";"E09000018";"E05000363";"Osterley and Spring Grove";627.784;388.366;12.6512;401.017;61.863;2.01522;63.8782
"Hounslow";"E09000018";"E05000364";"Syon";285.378;125.389;23.2756;148.664;43.9377;8.15608;52.0938
"Hounslow";"E09000018";"E05000365";"Turnham Green";176.953;55.9514;0.545724;56.4971;31.6193;0.308401;31.9277
"Islington";"E09000019";"E05000366";"Barnsbury";83.012;29.4619;0.213957;29.6759;35.4911;0.257743;35.7489
"Islington";"E09000019";"E05000367";"Bunhill";108.263;22.2928;0.0;22.2928;20.5914;0.0;20.5914
"Islington";"E09000019";"E05000368";"Caledonian";113.611;30.7416;1.35688;32.0985;27.0586;1.19433;28.2529
"Islington";"E09000019";"E05000369";"Canonbury";80.72;39.0945;0.495926;39.5904;48.4323;0.614379;49.0466
"Islington";"E09000019";"E05000370";"Clerkenwell";93.263;23.0549;0.00475462;23.0597;24.7203;0.00509808;24.7254
"Islington";"E09000019";"E05000371";"Finsbury Park";91.626;24.577;0.00077248;24.5778;26.8232;0.000843079;26.8241
"Islington";"E09000019";"E05000372";"Highbury East";100.809;50.475;0.0201931;50.4951;50.0699;0.0200311;50.0899
"Islington";"E09000019";"E05000373";"Highbury West";108.254;36.3569;0.0474276;36.4043;33.5848;0.0438114;33.6286
"Islington";"E09000019";"E05000374";"Hillrise";82.471;34.6487;0.0164632;34.6652;42.0132;0.0199625;42.0332
"Islington";"E09000019";"E05000375";"Holloway";100.874;37.8709;0.010551;37.8814;37.5427;0.0104596;37.5532
"Islington";"E09000019";"E05000376";"Junction";102.75;36.358;0.00895139;36.367;35.3849;0.00871182;35.3936
"Islington";"E09000019";"E05000377";"Mildmay";82.68;39.7619;0.0142938;39.7762;48.0914;0.0172881;48.1087
"Islington";"E09000019";"E05000378";"St. Georges";84.582;34.6986;0.0;34.6986;41.0236;0.0;41.0236
"Islington";"E09000019";"E05000379";"St. Marys";86.831;28.2184;0.0426136;28.261;32.498;0.0490765;32.5471
"Islington";"E09000019";"E05000380";"St. Peters";81.053;21.8162;1.7202;23.5364;26.916;2.12231;29.0383
"Islington";"E09000019";"E05000381";"Tollington";84.866;28.7085;0.0;28.7085;33.8281;0.0;33.8281
"Kingston upon Thames";"E09000021";"E05000400";"Alexandra";268.506;148.585;2.49759;151.083;55.3378;0.930179;56.268
"Kingston upon Thames";"E09000021";"E05000401";"Berrylands";145.39;63.6516;0.555049;64.2067;43.7799;0.381765;44.1617
"Kingston upon Thames";"E09000021";"E05000402";"Beverley";187.821;82.9197;0.753009;83.6727;44.1482;0.400918;44.5492
"Kingston upon Thames";"E09000021";"E05000403";"Canbury";124.241;30.6143;1.32511;31.9394;24.6411;1.06656;25.7076
"Kingston upon Thames";"E09000021";"E05000404";"Chessington North and Hook";192.98;86.8573;0.276279;87.1336;45.0084;0.143164;45.1516
"Kingston upon Thames";"E09000021";"E05000405";"Chessington South";755.173;592.233;5.25069;597.484;78.4235;0.695296;79.1188
"Kingston upon Thames";"E09000021";"E05000406";"Coombe Hill";442.17;290.058;2.2094;292.267;65.5987;0.499672;66.0984
"Kingston upon Thames";"E09000021";"E05000407";"Coombe Vale";164.71;68.5455;0.187579;68.7331;41.6159;0.113885;41.7298
"Kingston upon Thames";"E09000021";"E05000408";"Grove";192.034;48.8671;10.1542;59.0213;25.4471;5.28772;30.7348
"Kingston upon Thames";"E09000021";"E05000409";"Norbiton";134.711;50.2217;0.713373;50.9351;37.2811;0.529558;37.8106
"Kingston upon Thames";"E09000021";"E05000410";"Old Malden";180.016;80.413;0.499499;80.9125;44.6699;0.277475;44.9474
"Kingston upon Thames";"E09000021";"E05000411";"St. James";216.584;106.944;0.587496;107.532;49.3777;0.271256;49.6489
"Kingston upon Thames";"E09000021";"E05000412";"St. Marks";137.578;51.1743;6.46909;57.6434;37.1966;4.70213;41.8987
"Kingston upon Thames";"E09000021";"E05000413";"Surbiton Hill";166.482;75.6049;0.215954;75.8208;45.4132;0.129716;45.543
"Kingston upon Thames";"E09000021";"E05000414";"Tolworth and Hook Rise";259.464;118.316;0.462665;118.778;45.6;0.178316;45.7783
"Kingston upon Thames";"E09000021";"E05000415";"Tudor";158.255;58.4059;7.12574;65.5317;36.9062;4.50269;41.4089
"Lambeth";"E09000022";"E05000416";"Bishops";153.959;26.4413;28.3796;54.8209;17.1743;18.4332;35.6075
"Lambeth";"E09000022";"E05000417";"Brixton Hill";113.124;27.2006;0.00267898;27.2033;24.045;0.00236818;24.0473
"Lambeth";"E09000022";"E05000418";"Clapham Common";133.854;57.1049;0.902747;58.0076;42.6621;0.674426;43.3365
"Lambeth";"E09000022";"E05000419";"Clapham Town";111.893;32.0029;0.191061;32.194;28.6013;0.170754;28.7721
"Lambeth";"E09000022";"E05000420";"Coldharbour";120.806;31.682;0.00260982;31.6846;26.2255;0.00216034;26.2277
"Lambeth";"E09000022";"E05000421";"Ferndale";85.073;14.3564;0.0558546;14.4123;16.8754;0.065655;16.9411
"Lambeth";"E09000022";"E05000422";"Gipsy Hill";157.067;70.5004;0.0142681;70.5146;44.8855;0.0090841;44.8946
"Lambeth";"E09000022";"E05000423";"Herne Hill";203.038;92.4848;0.899387;93.3842;45.5505;0.442965;45.9935
"Lambeth";"E09000022";"E05000424";"Knights Hill";147.166;51.5859;0.0;51.5859;35.0529;0.0;35.0529
"Lambeth";"E09000022";"E05000425";"Larkhall";106.124;26.4466;0.00565094;26.4523;24.9205;0.00532484;24.9258
"Lambeth";"E09000022";"E05000426";"Oval";127.764;32.8625;3.36416;36.2267;25.7213;2.6331;28.3544
"Lambeth";"E09000022";"E05000427";"Princes";116.363;28.7146;9.58063;38.2953;24.6768;8.2334;32.9102
"Lambeth";"E09000022";"E05000428";"St. Leonards";144.773;46.4975;0.014854;46.5124;32.1175;0.0102602;32.1278
"Lambeth";"E09000022";"E05000429";"Stockwell";86.678;23.1135;0.00368969;23.1172;26.666;0.00425678;26.6702
"Lambeth";"E09000022";"E05000430";"Streatham Hill";127.063;43.4064;0.01868;43.4251;34.1613;0.0147014;34.176
"Lambeth";"E09000022";"E05000431";"Streatham South";169.809;71.0545;0.660846;71.7154;41.8438;0.38917;42.233
"Lambeth";"E09000022";"E05000432";"Streatham Wells";144.978;55.6295;0.110569;55.7401;38.371;0.0762664;38.4473
"Lambeth";"E09000022";"E05000433";"Thornton";107.759;33.9468;0.0230914;33.9699;31.5025;0.0214288;31.5239
"Lambeth";"E09000022";"E05000434";"Thurlow Park";151.482;64.4425;0.00647866;64.449;42.5413;0.00427685;42.5456
"Lambeth";"E09000022";"E05000435";"Tulse Hill";103.195;32.8773;0.0190438;32.8964;31.8594;0.0184542;31.8779
"Lambeth";"E09000022";"E05000436";"Vassall";112.973;34.4577;0.023409;34.4811;30.5008;0.0207209;30.5215
"Lewisham";"E09000023";"E05000437";"Bellingham";308.471;164.188;1.78343;165.971;53.2263;0.578151;53.8045
"Lewisham";"E09000023";"E05000438";"Blackheath";231.823;132.587;0.603481;133.191;57.1932;0.26032;57.4535
"Lewisham";"E09000023";"E05000439";"Brockley";168.183;65.0486;1.00813;66.0567;38.6773;0.599426;39.2767
"Lewisham";"E09000023";"E05000440";"Catford South";186.655;56.2074;0.441707;56.6491;30.113;0.236643;30.3496
"Lewisham";"E09000023";"E05000441";"Crofton Park";171.962;62.6679;0.0532192;62.7211;36.4429;0.0309482;36.4738
"Lewisham";"E09000023";"E05000442";"Downham";238.178;113.055;1.81985;114.875;47.4667;0.764072;48.2307
"Lewisham";"E09000023";"E05000443";"Evelyn";177.62;44.2144;15.0064;59.2208;24.8927;8.44861;33.3413
"Lewisham";"E09000023";"E05000444";"Forest Hill";182.785;88.5699;0.0684576;88.6384;48.4558;0.0374525;48.4933
"Lewisham";"E09000023";"E05000445";"Grove Park";239.291;101.648;0.465393;102.113;42.4787;0.194488;42.6732
"Lewisham";"E09000023";"E05000446";"Ladywell";160.598;75.8764;0.248364;76.1248;47.2462;0.154649;47.4008
"Lewisham";"E09000023";"E05000447";"Lee Green";179.842;62.7868;1.33464;64.1214;34.9122;0.742119;35.6543
"Lewisham";"E09000023";"E05000448";"Lewisham Central";206.203;56.4581;2.38746;58.8456;27.3799;1.15782;28.5377
"Lewisham";"E09000023";"E05000449";"New Cross";181.114;44.1032;1.47284;45.576;24.3511;0.813211;25.1643
"Lewisham";"E09000023";"E05000450";"Perry Vale";168.45;64.8925;0.00685455;64.8994;38.5233;0.00406919;38.5274
"Lewisham";"E09000023";"E05000451";"Rushey Green";178.524;64.2968;0.999131;65.2959;36.0158;0.559662;36.5754
"Lewisham";"E09000023";"E05000452";"Sydenham";174.372;73.2128;0.18005;73.3929;41.9866;0.103257;42.0898
"Lewisham";"E09000023";"E05000453";"Telegraph Hill";154.631;59.95;0.0713474;60.0214;38.7697;0.0461404;38.8159
"Lewisham";"E09000023";"E05000454";"Whitefoot";223.004;91.7476;0.436285;92.1839;41.1417;0.19564;41.3373
"Merton";"E09000024";"E05000455";"Abbey";139.326;36.171;0.639078;36.8101;25.9614;0.458692;26.4201
"Merton";"E09000024";"E05000456";"Cannon Hill";222.344;119.01;0.88463;119.895;53.5251;0.397865;53.923
"Merton";"E09000024";"E05000457";"Colliers Wood";111.09;32.8037;2.21758;35.0212;29.5289;1.9962;31.5251
"Merton";"E09000024";"E05000458";"Cricket Green";299.553;163.862;2.06055;165.923;54.7022;0.687874;55.39
"Merton";"E09000024";"E05000459";"Dundonald";115.197;38.7669;0.00162539;38.7685;33.6527;0.00141097;33.6541
"Merton";"E09000024";"E05000460";"Figges Marsh";114.19;35.1437;0.269695;35.4134;30.7765;0.236181;31.0127
"Merton";"E09000024";"E05000461";"Graveney";88.249;24.9909;0.465077;25.456;28.3186;0.527005;28.8456
"Merton";"E09000024";"E05000462";"Hillside";118.898;40.624;0.0110805;40.6351;34.1671;0.00931931;34.1764
"Merton";"E09000024";"E05000463";"Lavender Fields";117.965;39.9414;0.376992;40.3184;33.8587;0.31958;34.1783
"Merton";"E09000024";"E05000464";"Longthornton";148.343;61.5982;0.173695;61.7719;41.5242;0.11709;41.6413
"Merton";"E09000024";"E05000465";"Lower Morden";180.378;84.3905;0.805362;85.1958;46.7854;0.446485;47.2318
"Merton";"E09000024";"E05000466";"Merton Park";181.418;83.9373;0.393571;84.3309;46.2674;0.216942;46.4843
"Merton";"E09000024";"E05000467";"Pollards Hill";216.326;133.212;1.22768;134.44;61.5793;0.567516;62.1468
"Merton";"E09000024";"E05000468";"Ravensbury";183.954;89.3143;6.74476;96.059;48.5525;3.66655;52.2191
"Merton";"E09000024";"E05000469";"Raynes Park";185.651;76.0924;0.261474;76.3539;40.9868;0.140842;41.1276
"Merton";"E09000024";"E05000470";"St. Helier";184.527;89.5406;0.0947359;89.6353;48.5244;0.0513399;48.5757
"Merton";"E09000024";"E05000471";"Trinity";107.601;37.8978;0.820672;38.7184;35.2206;0.7627;35.9833
"Merton";"E09000024";"E05000472";"Village";621.285;474.388;3.4515;477.839;76.3559;0.555541;76.9114
"Merton";"E09000024";"E05000473";"West Barnes";195.164;86.2571;0.620568;86.8776;44.1972;0.317973;44.5152
"Merton";"E09000024";"E05000474";"Wimbledon Park";231.007;87.423;10.4038;97.8267;37.8443;4.50365;42.3479
"Newham";"E09000025";"E05000475";"Beckton";625.188;200.868;92.7942;293.662;32.1292;14.8426;46.9719
"Newham";"E09000025";"E05000476";"Boleyn";91.718;25.594;0.00338442;25.5974;27.9051;0.00369003;27.9088
"Newham";"E09000025";"E05000477";"Canning Town North";252.085;82.2352;6.92902;89.1643;32.622;2.74868;35.3707
"Newham";"E09000025";"E05000478";"Canning Town South";180.875;34.4094;25.0725;59.4818;19.0238;13.8618;32.8856
"Newham";"E09000025";"E05000479";"Custom House";206.344;71.5681;15.5616;87.1297;34.6839;7.5416;42.2255
"Newham";"E09000025";"E05000480";"East Ham Central";103.197;30.7033;0.00663872;30.7099;29.7521;0.00643306;29.7585
"Newham";"E09000025";"E05000481";"East Ham North";90.464;28.4797;7.885e-05;28.4798;31.4818;8.71617e-05;31.4819
"Newham";"E09000025";"E05000482";"East Ham South";180.899;85.4194;2.48579;87.9052;47.2194;1.37413;48.5935
"Newham";"E09000025";"E05000483";"Forest Gate North";124.768;46.5375;0.170796;46.7083;37.2992;0.136891;37.4361
"Newham";"E09000025";"E05000484";"Forest Gate South";119.115;36.5943;0.0;36.5943;30.7218;0.0;30.7218
"Newham";"E09000025";"E05000485";"Green Street East";74.631;15.1833;0.0024987;15.1858;20.3444;0.00334807;20.3478
"Newham";"E09000025";"E05000486";"Green Street West";80.281;15.8339;0.0;15.8339;19.7231;0.0;19.7231
"Newham";"E09000025";"E05000487";"Little Ilford";189.961;106.847;0.47789;107.325;56.247;0.251573;56.4986
"Newham";"E09000025";"E05000488";"Manor Park";133.487;61.2047;0.0629828;61.2677;45.8507;0.0471827;45.8979
"Newham";"E09000025";"E05000489";"Plaistow North";98.418;30.0668;0.00328515;30.0701;30.5501;0.00333796;30.5534
"Newham";"E09000025";"E05000490";"Plaistow South";138.452;46.9525;0.0220144;46.9745;33.9125;0.0159004;33.9284
"Newham";"E09000025";"E05000491";"Royal Docks";473.052;47.7139;202.209;249.923;10.0864;42.7457;52.8321
"Newham";"E09000025";"E05000492";"Stratford and New Town";423.497;98.7465;19.1984;117.945;23.3169;4.53329;27.8502
"Newham";"E09000025";"E05000493";"Wall End";137.675;59.4881;0.014759;59.5028;43.209;0.0107202;43.2198
"Newham";"E09000025";"E05000494";"West Ham";133.7;57.6371;0.0326409;57.6698;43.1093;0.0244135;43.1337
"Richmond upon Thames";"E09000027";"E05000516";"Barnes";300.994;133.15;61.706;194.856;44.2368;20.5008;64.7375
"Richmond upon Thames";"E09000027";"E05000517";"East Sheen";583.319;474.239;6.72469;480.963;81.3001;1.15283;82.4529
"Richmond upon Thames";"E09000027";"E05000518";"Fulwell and Hampton Hill";191.772;94.6804;2.72946;97.4098;49.3713;1.42329;50.7946
"Richmond upon Thames";"E09000027";"E05000519";"Ham, Petersham and Richmond Riverside";943.267;784.162;33.3606;817.523;83.1326;3.53671;86.6693
"Richmond upon Thames";"E09000027";"E05000520";"Hampton";687.724;463.862;76.4927;540.355;67.4489;11.1226;78.5715
"Richmond upon Thames";"E09000027";"E05000521";"Hampton North";194.98;94.3899;2.42862;96.8185;48.41;1.24557;49.6556
"Richmond upon Thames";"E09000027";"E05000522";"Hampton Wick";274.552;148.314;18.5456;166.859;54.0203;6.75485;60.7752
"Richmond upon Thames";"E09000027";"E05000523";"Heathfield";191.058;89.2692;2.95054;92.2198;46.7236;1.54432;48.268
"Richmond upon Thames";"E09000027";"E05000524";"Kew";357.625;201.833;32.2742;234.107;56.437;9.02459;65.4616
"Richmond upon Thames";"E09000027";"E05000525";"Mortlake and Barnes Common";193.608;86.0952;10.4753;96.5705;44.4688;5.41057;49.8794
"Richmond upon Thames";"E09000027";"E05000526";"North Richmond";280.147;163.4;11.3766;174.776;58.3265;4.06093;62.3874
"Richmond upon Thames";"E09000027";"E05000527";"St. Margarets and North Twickenham";200.763;72.0762;6.95068;79.0269;35.9011;3.46213;39.3633
"Richmond upon Thames";"E09000027";"E05000528";"South Richmond";269.139;159.194;3.33742;162.532;59.1494;1.24003;60.3895
"Richmond upon Thames";"E09000027";"E05000529";"South Twickenham";172.727;74.3712;4.02102;78.3922;43.0571;2.32796;45.385
"Richmond upon Thames";"E09000027";"E05000530";"Teddington";429.55;303.363;10.0223;313.385;70.6234;2.33321;72.9566
"Richmond upon Thames";"E09000027";"E05000531";"Twickenham Riverside";196.431;87.055;21.1124;108.167;44.3183;10.748;55.0664
"Richmond upon Thames";"E09000027";"E05000532";"West Twickenham";245.856;149.913;2.84613;152.76;60.9761;1.15764;62.1338
"Richmond upon Thames";"E09000027";"E05000533";"Whitton";162.597;63.3095;0.584218;63.8937;38.9364;0.359304;39.2957
"Sutton";"E09000029";"E05000555";"Beddington North";498.821;181.024;42.0598;223.084;36.2904;8.43185;44.7222
"Sutton";"E09000029";"E05000556";"Beddington South";306.104;174.565;0.0825652;174.647;57.0279;0.0269729;57.0549
"Sutton";"E09000029";"E05000557";"Belmont";233.332;117.196;0.16144;117.357;50.2271;0.069189;50.2963
"Sutton";"E09000029";"E05000558";"Carshalton Central";202.382;96.1542;1.78919;97.9434;47.5113;0.884066;48.3953
"Sutton";"E09000029";"E05000559";"Carshalton South and Clockhouse";705.342;555.304;0.247504;555.552;78.7284;0.03509;78.7635
"Sutton";"E09000029";"E05000560";"Cheam";393.038;227.801;0.648951;228.45;57.9592;0.165112;58.1243
"Sutton";"E09000029";"E05000561";"Nonsuch";190.702;79.1301;0.0696017;79.1997;41.4941;0.0364976;41.5306
"Sutton";"E09000029";"E05000562";"St. Helier";149.667;52.9771;0.0633873;53.0405;35.3966;0.0423522;35.439
"Sutton";"E09000029";"E05000563";"Stonecot";198.358;74.3737;0.447251;74.821;37.4947;0.225477;37.7202
"Sutton";"E09000029";"E05000564";"Sutton Central";131.048;29.292;0.0296749;29.3216;22.3521;0.0226443;22.3747
"Sutton";"E09000029";"E05000565";"Sutton North";187.372;81.8163;0.406434;82.2228;43.6652;0.216913;43.8821
"Sutton";"E09000029";"E05000566";"Sutton South";127.159;53.0591;0.0411529;53.1002;41.7265;0.0323633;41.7589
"Sutton";"E09000029";"E05000567";"Sutton West";178.215;79.5297;0.00556285;79.5353;44.6257;0.00312142;44.6288
"Sutton";"E09000029";"E05000568";"The Wrythe";148.361;53.7594;2.38693;56.1463;36.2355;1.60887;37.8444
"Sutton";"E09000029";"E05000569";"Wallington North";161.927;67.5619;2.38747;69.9494;41.7237;1.47441;43.1981
"Sutton";"E09000029";"E05000570";"Wallington South";171.798;69.523;0.110483;69.6335;40.4679;0.0643101;40.5322
"Sutton";"E09000029";"E05000571";"Wandle Valley";205.369;102.569;2.7236;105.293;49.9439;1.3262;51.2701
"Sutton";"E09000029";"E05000572";"Worcester Park";195.703;83.1949;1.11967;84.3146;42.5108;0.572129;43.0829
"Waltham Forest";"E09000031";"E05000590";"Cann Hall";85.788;22.335;0.0502423;22.3852;26.0351;0.0585656;26.0937
"Waltham Forest";"E09000031";"E05000591";"Cathall";105.712;37.0703;0.0633138;37.1336;35.0673;0.0598928;35.1272
"Waltham Forest";"E09000031";"E05000592";"Chapel End";185.015;83.6135;0.307115;83.9206;45.1928;0.165995;45.3588
"Waltham Forest";"E09000031";"E05000593";"Chingford Green";372.664;253.668;2.72537;256.393;68.0688;0.731321;68.8001
"Waltham Forest";"E09000031";"E05000594";"Endlebury";194.912;91.5413;2.06087;93.6021;46.9654;1.05734;48.0228
"Waltham Forest";"E09000031";"E05000595";"Forest";198.605;100.089;8.7004;108.789;50.396;4.38075;54.7767
"Waltham Forest";"E09000031";"E05000596";"Grove Green";89.582;22.0168;0.0;22.0168;24.5772;0.0;24.5772
"Waltham Forest";"E09000031";"E05000597";"Hale End and Highams Park";234.689;138.865;0.795469;139.66;59.1698;0.338946;59.5087
"Waltham Forest";"E09000031";"E05000598";"Hatch Lane";241.621;136.728;4.17391;140.902;56.588;1.72746;58.3155
"Waltham Forest";"E09000031";"E05000599";"High Street";305.893;101.627;99.9237;201.551;33.223;32.6662;65.8892
"Waltham Forest";"E09000031";"E05000600";"Higham Hill";322.124;104.759;103.355;208.114;32.5212;32.0856;64.6068
"Waltham Forest";"E09000031";"E05000601";"Hoe Street";110.006;37.5333;0.00335349;37.5367;34.1193;0.00304847;34.1224
"Waltham Forest";"E09000031";"E05000602";"Larkswood";206.57;105.503;0.182151;105.686;51.0739;0.0881786;51.1621
"Waltham Forest";"E09000031";"E05000603";"Lea Bridge";264.686;116.45;7.9919;124.442;43.9955;3.01939;47.0149
"Waltham Forest";"E09000031";"E05000604";"Leyton";203.218;68.8451;2.33474;71.1798;33.8774;1.14889;35.0263
"Waltham Forest";"E09000031";"E05000605";"Leytonstone";130.591;44.6237;0.0056119;44.6293;34.1706;0.00429731;34.1749
"Waltham Forest";"E09000031";"E05000606";"Markhouse";145.704;56.4297;2.35328;58.783;38.729;1.61511;40.3441
"Waltham Forest";"E09000031";"E05000607";"Valley";198.482;74.6061;5.17167;79.7777;37.5883;2.60561;40.1939
"Waltham Forest";"E09000031";"E05000608";"William Morris";99.919;27.5802;0.737985;28.3182;27.6026;0.738584;28.3411
"Waltham Forest";"E09000031";"E05000609";"Wood Street";185.011;97.4545;1.16765;98.6222;52.675;0.631127;53.3061
"Wandsworth";"E09000032";"E05000610";"Balham";121.176;32.5127;0.0128283;32.5255;26.831;0.0105865;26.8416
"Wandsworth";"E09000032";"E05000611";"Bedford";180.48;96.3202;1.18994;97.5102;53.3689;0.659317;54.0282
"Wandsworth";"E09000032";"E05000612";"Earlsfield";140.341;35.827;1.48403;37.311;25.5285;1.05744;26.586
"Wandsworth";"E09000032";"E05000613";"East Putney";161.034;60.4194;0.0353144;60.4548;37.5197;0.0219298;37.5416
"Wandsworth";"E09000032";"E05000614";"Fairfield";145.428;26.1427;6.97706;33.1198;17.9764;4.7976;22.774
"Wandsworth";"E09000032";"E05000615";"Furzedown";141.528;53.4221;0.257534;53.6796;37.7467;0.181967;37.9286
"Wandsworth";"E09000032";"E05000616";"Graveney";101.117;20.761;0.016291;20.7773;20.5316;0.016111;20.5477
"Wandsworth";"E09000032";"E05000617";"Latchmere";108.326;30.6032;0.00287558;30.6061;28.251;0.00265456;28.2537
"Wandsworth";"E09000032";"E05000618";"Nightingale";123.197;33.9138;0.00731061;33.9211;27.5281;0.00593408;27.534
"Wandsworth";"E09000032";"E05000619";"Northcote";167.535;69.0368;1.07945;70.1163;41.2074;0.644311;41.8517
"Wandsworth";"E09000032";"E05000620";"Queenstown";320.486;85.3874;36.9877;122.375;26.6431;11.5411;38.1842
"Wandsworth";"E09000032";"E05000621";"Roehampton and Putney Heath";442.415;321.074;3.92298;324.997;72.5731;0.886719;73.4598
"Wandsworth";"E09000032";"E05000622";"St. Marys Park";139.685;19.3576;31.2177;50.5753;13.858;22.3486;36.2066
"Wandsworth";"E09000032";"E05000623";"Shaftesbury";94.789;14.1556;0.0;14.1556;14.9338;0.0;14.9338
"Wandsworth";"E09000032";"E05000624";"Southfields";152.469;44.1272;1.26999;45.3972;28.9418;0.832949;29.7747
"Wandsworth";"E09000032";"E05000625";"Thamesfield";192.172;56.2025;26.4281;82.6306;29.2459;13.7523;42.9982
"Wandsworth";"E09000032";"E05000626";"Tooting";160.02;58.7743;0.0149512;58.7892;36.7293;0.00934336;36.7387
"Wandsworth";"E09000032";"E05000627";"Wandsworth Common";276.497;155.026;1.43506;156.461;56.068;0.519015;56.587
"Wandsworth";"E09000032";"E05000628";"West Hill";168.568;83.892;0.176131;84.0681;49.7674;0.104487;49.8719
"Wandsworth";"E09000032";"E05000629";"West Putney";184.761;76.9598;0.0579472;77.0177;41.6537;0.0313633;41.6851
"City of Westminster";"E09000033";"E05000630";"Abbey Road";109.492;45.055;0.0902993;45.1453;41.1491;0.0824711;41.2316
"City of Westminster";"E09000033";"E05000631";"Bayswater";51.949;11.3412;0.0005766;11.3418;21.8315;0.00110993;21.8326
"City of Westminster";"E09000033";"E05000632";"Bryanston and Dorset Square";72.318;6.1964;0.0;6.1964;8.56827;0.0;8.56827
"City of Westminster";"E09000033";"E05000633";"Churchill";60.923;9.08893;8.69207;17.781;14.9187;14.2673;29.186
"City of Westminster";"E09000033";"E05000634";"Church Street";44.269;8.57641;0.597636;9.17404;19.3734;1.35001;20.7234
"City of Westminster";"E09000033";"E05000635";"Harrow Road";49.579;10.1898;0.490929;10.6808;20.5527;0.990196;21.5429
"City of Westminster";"E09000033";"E05000636";"Hyde Park";95.514;14.8541;1.58468;16.4388;15.5518;1.65911;17.2109
"City of Westminster";"E09000033";"E05000637";"Knightsbridge and Belgravia";359.43;215.527;19.7292;235.257;59.9636;5.48904;65.4527
"City of Westminster";"E09000033";"E05000638";"Lancaster Gate";63.082;13.421;0.00229686;13.4233;21.2755;0.00364108;21.2791
"City of Westminster";"E09000033";"E05000639";"Little Venice";63.733;23.6793;1.66463;25.3439;37.1539;2.61187;39.7658
"City of Westminster";"E09000033";"E05000640";"Maida Vale";64.615;29.3586;0.032587;29.3912;45.4362;0.0504325;45.4866
"City of Westminster";"E09000033";"E05000641";"Marylebone High Street";100.107;10.9487;0.0;10.9487;10.937;0.0;10.937
"City of Westminster";"E09000033";"E05000642";"Queens Park";58.381;12.2611;0.410117;12.6712;21.0018;0.702484;21.7043
"City of Westminster";"E09000033";"E05000643";"Regents Park";225.576;133.456;10.8552;144.311;59.1623;4.81222;63.9745
"City of Westminster";"E09000033";"E05000644";"St. Jamess";346.379;85.3152;33.333;118.648;24.6306;9.62328;34.2539
"City of Westminster";"E09000033";"E05000645";"Tachbrook";44.328;8.72177;8.66584;17.3876;19.6755;19.5494;39.2249
"City of Westminster";"E09000033";"E05000646";"Vincent Square";68.355;11.5218;8.84522;20.3671;16.8559;12.9401;29.796
"City of Westminster";"E09000033";"E05000647";"Warwick";57.354;6.39179;0.0;6.39179;11.1445;0.0;11.1445
"City of Westminster";"E09000033";"E05000648";"Westbourne";67.646;19.916;2.16426;22.0803;29.4415;3.19939;32.6409
"City of Westminster";"E09000033";"E05000649";"West End";199.973;11.4637;0.0182084;11.4819;5.73263;0.00910544;5.74173
"City of London";"E09000001";"E05009288";"Aldersgate";9.795;2.16662;0.0333531;2.19997;22.1197;0.340512;22.4602
"City of London";"E09000001";"E05009289";"Aldgate";11.23;0.122442;0.0;0.122442;1.09031;0.0;1.09031
"City of London";"E09000001";"E05009290";"Bassishaw";10.658;0.658974;0.0284723;0.687446;6.1829;0.267145;6.45005
"City of London";"E09000001";"E05009291";"Billingsgate";12.067;0.40519;3.95755;4.36274;3.35784;32.7965;36.1543
"City of London";"E09000001";"E05009292";"Bishopsgate";25.385;0.70202;0.0309251;0.732945;2.76549;0.121824;2.88731
"City of London";"E09000001";"E05009293";"Bread Street";8.794;0.865323;0.0;0.865323;9.83992;0.0;9.83992
"City of London";"E09000001";"E05009294";"Bridge";9.421;0.149668;2.11724;2.26691;1.58867;22.4736;24.0623
"City of London";"E09000001";"E05009295";"Broad Street";8.157;0.133015;0.0;0.133015;1.63069;0.0;1.63069
"City of London";"E09000001";"E05009296";"Candlewick";5.209;0.0368156;0.0;0.0368156;0.70677;0.0;0.70677
"City of London";"E09000001";"E05009297";"Castle Baynard";35.639;1.3603;5.89674;7.25704;3.8169;16.5458;20.3626
"City of London";"E09000001";"E05009298";"Cheap";9.161;0.298862;0.0;0.298862;3.26233;0.0;3.26233
"City of London";"E09000001";"E05009299";"Coleman Street";15.061;0.812417;0.0;0.812417;5.39418;0.0;5.39418
"City of London";"E09000001";"E05009300";"Cordwainer";5.965;0.203453;0.0;0.203453;3.41078;0.0;3.41078
"City of London";"E09000001";"E05009301";"Cornhill";6.478;0.0922314;0.0004945;0.0927259;1.42376;0.00763353;1.4314
"City of London";"E09000001";"E05009302";"Cripplegate";12.717;1.48127;0.898676;2.37994;11.6479;7.06673;18.7147
"City of London";"E09000001";"E05009303";"Dowgate";9.568;0.825949;2.13113;2.95708;8.63241;22.2735;30.9059
"City of London";"E09000001";"E05009304";"Farringdon Within";24.375;1.08193;0.00278809;1.08472;4.43869;0.0114383;4.45013
"City of London";"E09000001";"E05009305";"Farringdon Without";32.996;4.27095;2.42542;6.69637;12.9438;7.35066;20.2945
"City of London";"E09000001";"E05009306";"Langbourn";5.193;0.0341071;0.0;0.0341071;0.656791;0.0;0.656791
"City of London";"E09000001";"E05009307";"Lime Street";5.096;0.103563;0.0;0.103563;2.03223;0.0;2.03223
"City of London";"E09000001";"E05009308";"Portsoken";6.288;0.547556;0.0;0.547556;8.70796;0.0;8.70796
"City of London";"E09000001";"E05009309";"Queenhithe";7.948;0.102876;3.74461;3.84749;1.29437;47.1139;48.4083
"City of London";"E09000001";"E05009310";"Tower";19.867;0.65742;0.768025;1.42545;3.30911;3.86583;7.17494
"City of London";"E09000001";"E05009311";"Vintry";10.401;0.368914;2.27879;2.64771;3.54691;21.9094;25.4563
"City of London";"E09000001";"E05009312";"Walbrook";7.474;0.126257;0.0;0.126257;1.68929;0.0;1.68929
"Tower Hamlets";"E09000030";"E05009317";"Bethnal Green";121.357;39.5492;1.3164;40.8656;32.5892;1.08473;33.6739
"Tower Hamlets";"E09000030";"E05009318";"Blackwall & Cubitt Town";188.125;22.379;70.5703;92.9493;11.8958;37.5125;49.4083
"Tower Hamlets";"E09000030";"E05009319";"Bow East";186.62;72.8613;6.07604;78.9373;39.0426;3.25584;42.2984
"Tower Hamlets";"E09000030";"E05009320";"Bow West";134.33;70.661;5.8837;76.5447;52.6026;4.38004;56.9826
"Tower Hamlets";"E09000030";"E05009321";"Bromley North";60.658;12.7485;0.792847;13.5413;21.0169;1.30708;22.324
"Tower Hamlets";"E09000030";"E05009322";"Bromley South";68.791;17.0839;1.4093;18.4932;24.8345;2.04867;26.8832
"Tower Hamlets";"E09000030";"E05009323";"Canary Wharf";164.207;16.5039;40.9153;57.4192;10.0507;24.9169;34.9676
"Tower Hamlets";"E09000030";"E05009324";"Island Gardens";150.812;39.9026;48.8204;88.7231;26.4585;32.3717;58.8303
"Tower Hamlets";"E09000030";"E05009325";"Lansbury";131.561;31.5409;5.81825;37.3592;23.9744;4.42247;28.3968
"Tower Hamlets";"E09000030";"E05009326";"Limehouse";49.612;8.90575;14.1392;23.0449;17.9508;28.4995;46.4503
"Tower Hamlets";"E09000030";"E05009327";"Mile End";121.498;44.8628;2.80845;47.6712;36.9247;2.31152;39.2362
"Tower Hamlets";"E09000030";"E05009328";"Poplar";71.04;15.3126;2.15607;17.4687;21.5549;3.03501;24.5899
"Tower Hamlets";"E09000030";"E05009329";"St. Dunstans";67.907;19.3455;1.29096;20.6365;28.4882;1.90107;30.3893
"Tower Hamlets";"E09000030";"E05009330";"St. Katharines & Wapping";149.089;24.2547;50.5034;74.7581;16.2686;33.8747;50.1433
"Tower Hamlets";"E09000030";"E05009331";"St. Peters";108.391;29.6664;0.948175;30.6146;27.3698;0.874773;28.2446
"Tower Hamlets";"E09000030";"E05009332";"Shadwell";64.273;13.2832;0.00424667;13.2874;20.6668;0.00660724;20.6734
"Tower Hamlets";"E09000030";"E05009333";"Spitalfields & Banglatown";90.895;15.0036;0.0105144;15.0142;16.5066;0.0115677;16.5181
"Tower Hamlets";"E09000030";"E05009334";"Stepney Green";64.822;21.4474;0.0;21.4474;33.0866;0.0;33.0866
"Tower Hamlets";"E09000030";"E05009335";"Weavers";67.536;18.9369;0.0052324;18.9421;28.0396;0.00774757;28.0474
"Tower Hamlets";"E09000030";"E05009336";"Whitechapel";95.978;13.358;0.0868547;13.4448;13.9177;0.0904944;14.0082
"Hackney";"E09000012";"E05009367";"Brownswood";48.248;16.0064;0.0;16.0064;33.1752;0.0;33.1752
"Hackney";"E09000012";"E05009368";"Cazenove";74.154;22.9601;0.00796695;22.9681;30.9628;0.0107438;30.9735
"Hackney";"E09000012";"E05009369";"Clissold";101.074;47.3894;1.47137;48.8608;46.8859;1.45574;48.3416
"Hackney";"E09000012";"E05009370";"Dalston";53.498;14.1993;0.0;14.1993;26.5418;0.0;26.5418
"Hackney";"E09000012";"E05009371";"De Beauvoir";59.347;19.8621;0.775232;20.6373;33.4677;1.30627;34.774
"Hackney";"E09000012";"E05009372";"Hackney Central";77.834;23.9954;0.00844514;24.0038;30.8289;0.0108502;30.8398
"Hackney";"E09000012";"E05009373";"Hackney Downs";101.849;46.9965;0.0;46.9965;46.1433;0.0;46.1433
"Hackney";"E09000012";"E05009374";"Hackney Wick";163.387;67.4463;3.7835;71.2298;41.2801;2.31567;43.5958
"Hackney";"E09000012";"E05009375";"Haggerston";86.724;27.9125;2.0964;30.0089;32.1854;2.41732;34.6027
"Hackney";"E09000012";"E05009376";"Homerton";80.508;22.9738;0.00544825;22.9793;28.536;0.00676734;28.5428
"Hackney";"E09000012";"E05009377";"Hoxton East & Shoreditch";102.355;20.3567;1.09389;21.4506;19.8883;1.06872;20.957
"Hackney";"E09000012";"E05009378";"Hoxton West";64.802;15.4311;1.6479;17.0791;23.8128;2.54298;26.3557
"Hackney";"E09000012";"E05009379";"Kings Park";191.572;126.562;8.52293;135.085;66.0648;4.44894;70.5138
"Hackney";"E09000012";"E05009380";"Lea Bridge";105.971;44.9104;1.57732;46.4877;42.3799;1.48845;43.8683
"Hackney";"E09000012";"E05009381";"London Fields";101.739;39.843;0.466083;40.309;39.1619;0.458117;39.62
"Hackney";"E09000012";"E05009382";"Shacklewell";43.221;10.1652;0.0;10.1652;23.5192;0.0;23.5192
"Hackney";"E09000012";"E05009383";"Springfield";121.297;49.2135;2.60708;51.8206;40.5727;2.14933;42.722
"Hackney";"E09000012";"E05009384";"Stamford Hill West";66.974;25.41;0.0100512;25.42;37.94;0.0150076;37.955
"Hackney";"E09000012";"E05009385";"Stoke Newington";96.182;39.188;0.0;39.188;40.7436;0.0;40.7436
"Hackney";"E09000012";"E05009386";"Victoria";76.086;30.5713;0.272623;30.8439;40.18;0.358309;40.5383
"Hackney";"E09000012";"E05009387";"Woodberry Down";88.08;27.5765;18.2145;45.7909;31.3084;20.6795;51.9879
"Kensington and Chelsea";"E09000020";"E05009388";"Abingdon";60.179;14.7456;0.0;14.7456;24.5029;0.0;24.5029
"Kensington and Chelsea";"E09000020";"E05009389";"Brompton & Hans Town";106.809;21.2971;0.0305931;21.3277;19.9394;0.0286428;19.968
"Kensington and Chelsea";"E09000020";"E05009390";"Campden";102.376;41.5993;0.0570854;41.6564;40.6339;0.0557605;40.6896
"Kensington and Chelsea";"E09000020";"E05009391";"Chelsea Riverside";69.412;12.466;15.1553;27.6212;17.9594;21.8338;39.7932
"Kensington and Chelsea";"E09000020";"E05009392";"Colville";48.988;12.1865;0.0;12.1865;24.8764;0.0;24.8764
"Kensington and Chelsea";"E09000020";"E05009393";"Courtfield";61.433;14.6503;0.0;14.6503;23.8477;0.0;23.8477
"Kensington and Chelsea";"E09000020";"E05009394";"Dalgarno";88.982;39.5411;1.74849;41.2896;44.4371;1.96499;46.4021
"Kensington and Chelsea";"E09000020";"E05009395";"Earls Court";48.226;9.4851;0.00456126;9.48966;19.668;0.0094581;19.6775
"Kensington and Chelsea";"E09000020";"E05009396";"Golborne";55.852;14.3081;1.11449;15.4226;25.6179;1.99544;27.6134
"Kensington and Chelsea";"E09000020";"E05009397";"Holland";98.278;46.7054;0.138707;46.8441;47.5237;0.141137;47.6649
"Kensington and Chelsea";"E09000020";"E05009398";"Norland";51.967;20.742;0.0;20.742;39.9137;0.0;39.9137
"Kensington and Chelsea";"E09000020";"E05009399";"Notting Dale";55.688;14.8367;0.00166469;14.8383;26.6425;0.00298931;26.6455
"Kensington and Chelsea";"E09000020";"E05009400";"Pembridge";38.656;11.8142;0.00247647;11.8167;30.5625;0.00640643;30.5689
"Kensington and Chelsea";"E09000020";"E05009401";"Queens Gate";58.218;10.5584;0.0;10.5584;18.1359;0.0;18.1359
"Kensington and Chelsea";"E09000020";"E05009402";"Redcliffe";71.854;29.7067;0.00765537;29.7143;41.3431;0.0106541;41.3537
"Kensington and Chelsea";"E09000020";"E05009403";"Royal Hospital";101.214;29.6934;10.2431;39.9365;29.3373;10.1203;39.4575
"Kensington and Chelsea";"E09000020";"E05009404";"St. Helens";47.822;15.7477;0.00418032;15.7519;32.9298;0.00874142;32.9385
"Kensington and Chelsea";"E09000020";"E05009405";"Stanley";72.424;15.9892;0.0563874;16.0455;22.0772;0.0778573;22.155
"Southwark";"E09000028";"E05011095";"Borough & Bankside";119.577;11.2817;16.8294;28.111;9.43466;14.0741;23.5087
"Southwark";"E09000028";"E05011096";"Camberwell Green";92.752;20.3998;0.0;20.3998;21.9939;0.0;21.9939
"Southwark";"E09000028";"E05011097";"Champion Hill";105.054;50.1547;0.0;50.1547;47.7419;0.0;47.7419
"Southwark";"E09000028";"E05011098";"Chaucer";75.06;22.2567;0.0136247;22.2704;29.6519;0.0181518;29.6701
"Southwark";"E09000028";"E05011099";"Dulwich Hill";99.851;43.3402;0.00518971;43.3454;43.4049;0.00519746;43.4101
"Southwark";"E09000028";"E05011100";"Dulwich Village";261.997;163.815;2.2674;166.082;62.5255;0.86543;63.3909
"Southwark";"E09000028";"E05011101";"Dulwich Wood";301.593;213.13;0.875742;214.006;70.6681;0.290372;70.9584
"Southwark";"E09000028";"E05011102";"Faraday";110.141;51.9568;2.97138;54.9282;47.173;2.69779;49.8708
"Southwark";"E09000028";"E05011103";"Goose Green";115.552;31.2231;0.0;31.2231;27.0208;0.0;27.0208
"Southwark";"E09000028";"E05011104";"London Bridge & West Bermondsey";127.087;18.851;10.6745;29.5255;14.8332;8.39933;23.2325
"Southwark";"E09000028";"E05011105";"Newington";77.889;26.1172;0.0;26.1172;33.5313;0.0;33.5313
"Southwark";"E09000028";"E05011106";"North Bermondsey";112.599;24.1969;18.9918;43.1887;21.4895;16.8667;38.3562
"Southwark";"E09000028";"E05011107";"North Walworth";79.61;16.6933;0.00246381;16.6957;20.9688;0.00309485;20.9719
"Southwark";"E09000028";"E05011108";"Nunhead & Queens Road";131.721;48.1099;0.00063084;48.1105;36.5241;0.000478921;36.5246
"Southwark";"E09000028";"E05011109";"Old Kent Road";165.918;33.6106;0.0;33.6106;20.2574;0.0;20.2574
"Southwark";"E09000028";"E05011110";"Peckham";85.524;18.8827;0.0;18.8827;22.0788;0.0;22.0788
"Southwark";"E09000028";"E05011111";"Peckham Rye";189.237;123.977;0.562122;124.539;65.5141;0.297047;65.8112
"Southwark";"E09000028";"E05011112";"Rotherhithe";152.503;58.3667;15.4359;73.8026;38.2725;10.1217;48.3942
"Southwark";"E09000028";"E05011113";"Rye Lane";127.179;29.1682;0.0012435;29.1695;22.9348;0.000977756;22.9357
"Southwark";"E09000028";"E05011114";"St. Georges";57.296;14.3647;0.00121073;14.3659;25.071;0.00211311;25.0731
"Southwark";"E09000028";"E05011115";"St. Giles";112.079;33.4026;0.00671404;33.4093;29.8027;0.00599045;29.8087
"Southwark";"E09000028";"E05011116";"South Bermondsey";120.093;31.5614;0.0;31.5614;26.2808;0.0;26.2808
"Southwark";"E09000028";"E05011117";"Surrey Docks";171.029;41.8559;57.836;99.6919;24.473;33.8165;58.2895
"Bexley";"E09000004";"E05011217";"Barnehurst";213.007;89.6333;0.0150471;89.6484;42.08;0.00706411;42.0871
"Bexley";"E09000004";"E05011218";"Belvedere";575.698;215.455;86.1491;301.604;37.425;14.9643;52.3893
"Bexley";"E09000004";"E05011219";"Bexleyheath";362.546;122.578;0.0804511;122.658;33.8103;0.0221906;33.8325
"Bexley";"E09000004";"E05011220";"Blackfen & Lamorbey";290.792;99.9537;2.28196;102.236;34.3729;0.78474;35.1577
"Bexley";"E09000004";"E05011221";"Blendon & Penhill";337.376;134.982;1.9573;136.94;40.0095;0.580155;40.5896
"Bexley";"E09000004";"E05011222";"Crayford";511.336;222.017;5.98494;228.002;43.419;1.17045;44.5894
"Bexley";"E09000004";"E05011223";"Crook Log";267.716;72.0315;0.104735;72.1363;26.9059;0.0391216;26.9451
"Bexley";"E09000004";"E05011224";"East Wickham";281.719;107.833;0.115244;107.949;38.2769;0.0409075;38.3178
"Bexley";"E09000004";"E05011225";"Erith";322.572;91.3293;80.6415;171.971;28.3128;24.9995;53.3124
"Bexley";"E09000004";"E05011226";"Falconwood & Welling";326.055;119.882;7.92435;127.806;36.7674;2.43037;39.1977
"Bexley";"E09000004";"E05011227";"Longlands";188.689;79.1137;0.133233;79.247;41.9281;0.0706098;41.9987
"Bexley";"E09000004";"E05011228";"Northumberland Heath";171.374;45.6369;0.025092;45.662;26.63;0.0146417;26.6447
"Bexley";"E09000004";"E05011229";"St. Marys & St. James";874.656;660.45;9.18893;669.639;75.5097;1.05058;76.5602
"Bexley";"E09000004";"E05011230";"Sidcup";398.964;170.029;0.760743;170.789;42.6175;0.19068;42.8082
"Bexley";"E09000004";"E05011231";"Slade Green & Northend";554.256;243.142;128.424;371.566;43.8682;23.1706;67.0388
"Bexley";"E09000004";"E05011232";"Thamesmead East";514.392;219.171;113.698;332.869;42.6078;22.1033;64.7112
"Bexley";"E09000004";"E05011233";"West Heath";237.499;65.8305;0.0351016;65.8656;27.7182;0.0147797;27.733
"Redbridge";"E09000026";"E05011234";"Aldborough";849.914;641.385;25.6612;667.046;75.4647;3.01927;78.484
"Redbridge";"E09000026";"E05011235";"Barkingside";162.98;51.5613;0.0161905;51.5775;31.6366;0.00993402;31.6465
"Redbridge";"E09000026";"E05011236";"Bridge";345.207;203.267;3.20348;206.47;58.8825;0.927989;59.8105
"Redbridge";"E09000026";"E05011237";"Chadwell";155.574;49.6173;0.012906;49.6302;31.893;0.00829576;31.9013
"Redbridge";"E09000026";"E05011238";"Churchfields";201.609;85.0081;1.09328;86.1013;42.1648;0.542276;42.7071
"Redbridge";"E09000026";"E05011239";"Clayhall";253.321;108.932;2.13867;111.07;43.0015;0.844255;43.8457
"Redbridge";"E09000026";"E05011240";"Clementswood";89.95;22.7465;0.0;22.7465;25.288;0.0;25.288
"Redbridge";"E09000026";"E05011241";"Cranbrook";149.09;46.8837;0.0123199;46.896;31.4466;0.00826339;31.4548
"Redbridge";"E09000026";"E05011242";"Fairlop";287.069;130.085;0.0179366;130.103;45.3148;0.00624817;45.3211
"Redbridge";"E09000026";"E05011243";"Fullwell";276.981;130.419;1.74159;132.161;47.086;0.628776;47.7148
"Redbridge";"E09000026";"E05011244";"Goodmayes";181.499;71.5493;1.57074;73.1201;39.4213;0.865428;40.2868
"Redbridge";"E09000026";"E05011245";"Hainault";565.28;398.519;3.30088;401.82;70.4994;0.583937;71.0833
"Redbridge";"E09000026";"E05011246";"Ilford Town";106.244;19.9991;0.23753;20.2366;18.8237;0.22357;19.0473
"Redbridge";"E09000026";"E05011247";"Loxford";109.143;38.0076;2.7722;40.7798;34.8237;2.53997;37.3637
"Redbridge";"E09000026";"E05011248";"Mayfield";186.183;79.1551;2.51067;81.6657;42.5146;1.3485;43.8631
"Redbridge";"E09000026";"E05011249";"Monkhams";279.546;164.045;1.40764;165.453;58.6828;0.503544;59.1864
"Redbridge";"E09000026";"E05011250";"Newbury";174.392;68.7218;0.180966;68.9028;39.4065;0.103769;39.5103
"Redbridge";"E09000026";"E05011251";"Seven Kings";181.636;66.0893;0.283261;66.3726;36.3856;0.15595;36.5415
"Redbridge";"E09000026";"E05011252";"South Woodford";204.043;90.8117;0.128691;90.9404;44.5062;0.0630703;44.5692
"Redbridge";"E09000026";"E05011253";"Valentines";180.126;78.7742;3.84977;82.624;43.7329;2.13726;45.8701
"Redbridge";"E09000026";"E05011254";"Wanstead Park";474.224;360.824;25.9982;386.822;76.0872;5.48226;81.5695
"Redbridge";"E09000026";"E05011255";"Wanstead Village";230.213;116.828;3.63875;120.467;50.7478;1.5806;52.3284
"Croydon";"E09000008";"E05011462";"Addiscombe East";154.055;56.0095;0.0052624;56.0148;36.3568;0.00341592;36.3602
"Croydon";"E09000008";"E05011463";"Addiscombe West";134.305;32.0475;0.00290305;32.0504;23.8618;0.00216154;23.8639
"Croydon";"E09000008";"E05011464";"Bensham Manor";144.147;40.3959;0.34118;40.737;28.0241;0.236689;28.2608
"Croydon";"E09000008";"E05011465";"Broad Green";195.215;35.4167;0.0015486;35.4183;18.1424;0.000793277;18.1432
"Croydon";"E09000008";"E05011466";"Coulsdon Town";452.138;254.598;0.114525;254.713;56.3098;0.0253296;56.3351
"Croydon";"E09000008";"E05011467";"Crystal Palace & Upper Norwood";258.256;139.061;0.13409;139.195;53.8461;0.0519215;53.8981
"Croydon";"E09000008";"E05011468";"Fairfield";146.745;17.8834;0.0231223;17.9065;12.1867;0.0157568;12.2025
"Croydon";"E09000008";"E05011469";"Kenley";519.683;371.571;0.274106;371.845;71.4996;0.0527448;71.5523
"Croydon";"E09000008";"E05011470";"New Addington North";141.477;41.1447;0.00325193;41.1479;29.0822;0.00229856;29.0845
"Croydon";"E09000008";"E05011471";"New Addington South";248.835;105.733;0.0310866;105.764;42.4913;0.0124929;42.5038
"Croydon";"E09000008";"E05011472";"Norbury & Pollards Hill";134.046;48.5739;0.109902;48.6838;36.2367;0.0819884;36.3187
"Croydon";"E09000008";"E05011473";"Norbury Park";225.926;121.777;0.287772;122.065;53.9014;0.127374;54.0287
"Croydon";"E09000008";"E05011474";"Old Coulsdon";693.502;563.604;0.190015;563.794;81.2693;0.0273994;81.2967
"Croydon";"E09000008";"E05011475";"Park Hill & Whitgift";198.756;121.706;0.116455;121.822;61.2336;0.0585917;61.2922
"Croydon";"E09000008";"E05011476";"Purley & Woodcote";509.713;287.969;0.550878;288.52;56.4963;0.108076;56.6043
"Croydon";"E09000008";"E05011477";"Purley Oaks & Riddlesdown";245.126;119.71;0.380413;120.09;48.8361;0.155191;48.9913
"Croydon";"E09000008";"E05011478";"Sanderstead";753.708;543.138;0.258624;543.397;72.0621;0.0343136;72.0965
"Croydon";"E09000008";"E05011479";"Selhurst";130.739;37.9469;0.0;37.9469;29.0249;0.0;29.0249
"Croydon";"E09000008";"E05011480";"Selsdon & Addington Village";521.087;369.023;0.273173;369.297;70.818;0.0524237;70.8704
"Croydon";"E09000008";"E05011481";"Selsdon Vale & Forestdale";490.954;378.582;0.0808877;378.663;77.1115;0.0164756;77.1279
"Croydon";"E09000008";"E05011482";"Shirley North";310.902;140.864;0.0889859;140.953;45.3082;0.0286218;45.3368
"Croydon";"E09000008";"E05011483";"Shirly South";455.058;308.091;0.902583;308.993;67.7036;0.198345;67.9019
"Croydon";"E09000008";"E05011484";"South Croydon";394.407;228.429;0.189781;228.619;57.9171;0.0481181;57.9652
"Croydon";"E09000008";"E05011485";"South Norwood";214.118;68.4575;2.86225;71.3198;31.9719;1.33677;33.3086
"Croydon";"E09000008";"E05011486";"Thornton Heath";172.422;57.9868;0.00354293;57.9904;33.6307;0.0020548;33.6328
"Croydon";"E09000008";"E05011487";"Waddon";391.981;157.885;1.57247;159.457;40.2787;0.401161;40.6799
"Croydon";"E09000008";"E05011488";"West Thornton";197.117;64.7418;0.0372083;64.779;32.8443;0.0188762;32.8632
"Croydon";"E09000008";"E05011489";"Woodside";215.022;90.4978;2.72599;93.2237;42.0877;1.26777;43.3554
